id_employee;employee;login;date_registration
1;Янова Вера;b2VOx@sheremetev.info;09/09/14 11:42 AM
9;Вероникова Александра;Ob2S@sheremetev.info;06/11/15 06:35 PM
10;Валентинов Артём;Zra4@sheremetev.info;06/12/15 11:10 AM
11;Александрова Виктория;UlpN8ahU@wwww.ww;06/15/15 12:27 PM
12;Григорин Артём;Wd5l@autowebdsfasoffice.com;06/15/15 12:46 PM
13;Алексеев Григорий;m6i@sheremetev.info;06/19/15 02:36 PM
14;Марков Марк;o5lw@sheremetev.info;07/01/15 10:49 AM
15;Маргаритова Галина;nuQd@sheremetev.info;07/07/15 12:36 PM
16;Артёмов Алексей;uucssepR@sheremetev.info;07/07/15 06:43 PM
17;Владимиров Руслан;yNGTvZ@sheremetev.info;07/08/15 01:22 PM
18;Оксанова Ева;XYct@sheremetev.info;07/08/15 01:24 PM
19;Филиппов Аркадий;SWlCF@sheremetev.info;07/09/15 11:27 AM
20;Лилова Марина;xcXH@sheremetev.info;07/09/15 12:32 PM
21;Денисов Степан;8Hf36ewQ@setwork.com.ua;07/23/15 04:00 PM
22;Еленова Вероника;Gy9R1oi@arsamandi.ru;07/23/15 08:00 PM
23;Русланов Арсений;o3olZIe@sheremetev.info;10/08/15 04:02 PM
24;Ларисова Наталья;bzebHd@sheremetev.info;10/08/15 04:06 PM
25;Надеждова Анастасия;ra6sgRJZ@sheremetev.info;10/08/15 04:06 PM
26;Александрова Диана;yoTkL@sheremetev.info;10/09/15 11:02 AM
27;Аннова Карина;YB50C@sheremetev.info;10/26/15 10:58 AM
28;Нинова Софья;UOQtDy6K@sheremetev.info;11/05/15 05:34 PM
29;Владислова Вера;x6n46@sheremetev.info;11/10/15 05:28 PM
30;Ольгова Оксана;4N19a@sheremetev.info;12/17/15 05:17 PM
31;Валерин Владимир;dczg3mHj@sheremetev.info;07/09/16 12:42 PM
32;Юрин Тимур;sfAIhPQ@sheremetev.info;09/23/16 11:53 AM
33;Вероникова Лера;6wiKje@sheremetev.info;09/23/16 12:24 PM
34;Милова Алина;lMu@sheremetev.info;10/04/16 01:16 PM
35;Григорин Борис;0qc4@sheremetev.info;11/25/16 12:06 PM
36;Павлов Борис;xk3yJqPk@aldera.ru;07/17/17 01:34 PM
37;Аркадин Александр;E9yTP@sheremetev.info;07/28/17 09:58 PM
38;Геннадин Владислав;qvG@yandex.ru;10/06/17 04:06 PM
39;Екатеринова Валерия;72PJR4X6@sheremetev.info;12/08/17 01:13 PM
40;Маргаритова Полина;m9fsvX@gmail.com;04/17/18 05:22 PM
41;Никитин Виталий;SKT@gmail.com;06/13/18 01:19 PM
42;Варварова Виталия;f31Ir0GE@mail.ru;10/31/18 06:44 PM
43;Лерова Милана;Tvu5dx@sheremetev.info;11/16/18 04:38 PM
44;Дмитрин Дмитрий;YILF@sheremetev.info;12/12/18 03:06 PM
45;Иванов Вячеслав;nNb6Hnr@sheremetev.info;02/07/19 03:22 PM
46;Дианова Анастасия;iBp5Bipe@gmail.com;09/10/19 03:28 PM
47;Георгин Сергей;jfkEVZL@yandex.ru;01/24/20 03:30 PM
48;Татьянова Кристина;VCZwkR@sheremetev.info;04/17/20 07:20 PM
49;Игорев Эдуард;3C2E@sheremetev.info;05/08/20 06:57 PM
50;Степанов Аркадий;yIUwb@sheremetev.info;05/21/20 10:19 AM
51;Пётров Роман;G9vPY@sheremetev.info;06/10/20 11:08 AM
52;Владимиров Валентин;s7G@sheremetev.info;06/25/20 01:28 PM
53;Олегов Валерий;IjoAqj@yandex.ru;08/31/20 10:35 AM
54;Алёнова Милана;mR9Qd7@mail.ru;09/10/20 02:29 PM
55;Верова Наталья;7dU@yandex.ru;10/12/20 07:51 PM
56;Виталова Анна;ULPDCT@mail.ru;11/24/20 10:31 AM
57;Александров Валентин;TJgKHDW@yandex.com;11/24/20 11:07 AM
58;Вероникова Анна;gI8Z65c@rambler.ru;12/03/20 03:58 PM
59;Сонова Владислава;m5w@sheremetev.info;12/04/20 02:33 PM
60;Надеждова Оксана;QoKr@yandex.ru;01/04/21 05:22 PM
